{"noiseKey":{"private":{"type":"Buffer","data":"sDSarzOdR9CjAm49CHEmDt1i68X1DHMfg0cS1Bwm3mc="},"public":{"type":"Buffer","data":"DqINccdE0RpXDDULUHvaaIxl7XO8gOuQD+B+pDUSmCQ="}},"pairingEphemeralKeyPair":{"private":{"type":"Buffer","data":"uPEO7ziGBZUqjcYb6f4nrnrrwYmURpm2xmYvvRPEZmA="},"public":{"type":"Buffer","data":"lvIQbBJljJD+1768fMFWyV+pbZXp4j7nt4Y4brUUxiU="}},"signedIdentityKey":{"private":{"type":"Buffer","data":"SLF330Uj5155P+ugN38wWjzVWpRfiWz0iH4Tr0GB7m8="},"public":{"type":"Buffer","data":"xPrHqeNkgM3mavAijxHUYCELuNDObGR3vijaaJ/GmB4="}},"signedPreKey":{"keyPair":{"private":{"type":"Buffer","data":"6Lkml72fJ0mL95qlORUoMt6LQDOWFjZbNWEugpP9k2s="},"public":{"type":"Buffer","data":"SAqkryujFJ6Lm+8WO9TLdeT/hMNIq7bA+BPqdosG8gY="}},"signature":{"type":"Buffer","data":"940rVQcpV/klY5294s9Syu53zs/8Kz8ZjVSX7vUo5RJBmjVgTweUVdwSNx9kLKUrilsS3UM4kXESepSJfzxnig=="},"keyId":1},"registrationId":5,"advSecretKey":"2VvSd40pQUC5Q/INYU3hlT6juFGYj+Osus0fckFViMs=","processedHistoryMessages":[{"key":{"remoteJid":"6285602467071@s.whatsapp.net","fromMe":true,"id":"A5643C6A6256ED0BB5539579CBCFCF40"},"messageTimestamp":1737288613}],"nextPreKeyId":31,"firstUnuploadedPreKeyId":31,"accountSyncCounter":1,"accountSettings":{"unarchiveChats":false},"deviceId":"ZRmGFueKRa-6exAYVk_UVw","phoneId":"6ce4567f-0ff3-4717-805c-153c3da45fc7","identityId":{"type":"Buffer","data":"Ww2E+BH82iwR5Jv44B+dvBeqbbo="},"registered":true,"backupToken":{"type":"Buffer","data":"w0jvZsp6z0muFChVXDhAYzCEWo0="},"registration":{},"pairingCode":"5SBSSSQN","me":{"id":"6285602467071:46@s.whatsapp.net","lid":"119653795917962:46@lid"},"account":{"details":"CNDF7SoQoNezvAYYASAAKAA=","accountSignatureKey":"t2Jf3AA6o8JjL1QmjYhS8VQHRrkJLk9RJEvl6CRkjwg=","accountSignature":"cjJ9IK6cF0HBh3cmwIpyM26ojAYT4/iWDm7Sqhm1fLiVnmdt8uHTy7yQBKJ42ZnEu7+oUwHTGOwZMhFrCjM2Cg==","deviceSignature":"+HVHyjphotqOn5XF42ro1KHmiYbBek6D0x1c+332nLic9BYCiu6ejK058da1lAPx9t93/HF/9Z3xPcxq3SCwgw=="},"signalIdentities":[{"identifier":{"name":"6285602467071:46@s.whatsapp.net","deviceId":0},"identifierKey":{"type":"Buffer","data":"BbdiX9wAOqPCYy9UJo2IUvFUB0a5CS5PUSRL5egkZI8I"}}],"platform":"android","routingInfo":{"type":"Buffer","data":"CAIIDQ=="},"lastAccountSyncTimestamp":1737288611,"lastPropHash":"1K4hH4","myAppStateKeyId":"AAAAADPE"}