{"_sessions":{"BcezTkhqntrqy6bVjHI3cZedCTqIAAn9+11JICLn8zI+":{"registrationId":1426256097,"currentRatchet":{"ephemeralKeyPair":{"pubKey":"BWduTaNoJzuN3dHQdUoGuDw0N0OpNJMJUErfnJRg78IG","privKey":"iHRzHmeFk4C2PUeFqYB+ZEPWb7sifYzeeCfyRawmjVM="},"lastRemoteEphemeralKey":"BeGu63GVOULQi24TiLl+d2nsBuoTBuL6+dTR5fzvUZlU","previousCounter":0,"rootKey":"JykiP1/VN5peKaDrSxuY8Nrxdf89zaxpO6UBCB2iEMs="},"indexInfo":{"baseKey":"BcezTkhqntrqy6bVjHI3cZedCTqIAAn9+11JICLn8zI+","baseKeyType":2,"closed":-1,"used":1741647356021,"created":1741647356021,"remoteIdentityKey":"BZsGYODHJQaoClegzMQ0l36fCRTtgFawhJ/Hn1lELax3"},"_chains":{"BeGu63GVOULQi24TiLl+d2nsBuoTBuL6+dTR5fzvUZlU":{"chainKey":{"counter":24,"key":"4iw+efXrat61vC9kykNVkTwo5191qdz5PIn5pWjUk3M="},"chainType":2,"messageKeys":{"0":"mZztej/TeuwLzw62oUjqjSfNkQzP49q7bmBNa8ImNLU=","1":"3oLz058qMf0vTvdn6HuVOxSPAUfkSalSXd4xxk1EeOo=","2":"vVE1drHw1RjajUmGVaVFrgoSlzVtruhRIhfLbc0oGdA=","3":"6rebjFM+hTDqqQKUX/k18LnkNJ69+69LN5HfWE6yvOU=","4":"pcoH6oDPpO9DPt1vqFfLgeH1lCyVIIRtTXwn6lDOX+0=","5":"q++ez1ytXGz0cVwjx70OhXIu0hi2TTqNKeACupRgo1g=","6":"OTD/rR8TMrzzeVbDPe/9HyCA9juJr/8T1QyzB5/bOdQ=","7":"4b73vV8B+BKK6j+rXRakUbfILEXOe9BZNryIhv76bJY=","8":"XPFYUgPdsMLqCcoQG5BLVib1vWNG6uNeyxfi6SvOA5A=","9":"2hm5EdByP1yYz4FjUgs+dhm7A5xk7qQsZ0BnqOmaXjY=","10":"aGEc6CiCRzAE+KFDqz7ms4DXU5feUwzhLCEGdq4Y4iA=","11":"5w/ezKn8+ZDa1HO2J2VzLucHHN8SeMlc/EOBuCNJL9c=","12":"aw/fNfJ4IPxSn25GIBpWk9K9P5gekcmJDy614duWsLQ=","13":"U76Wi9DOPNxiWQu+jaRQhggwTTx6ZIiLORjbvoZrl3c=","14":"6IOvpRlseyRNqDDEyNqK+8DI8bcwnVT1EC2m1B+l5gc=","15":"QrOxtBFHwwAHeOhgOSLaGeQVd1/8kTRJHEMkd4O2AeA=","16":"cfaYHo04R1SLAFKlcCoM8RVcGCBNLPCX/26qNyhU9JE=","17":"NLEGeY/MB/FZS1xoM7hzqxIzWHc6iA24Kjq/hoeSBhE=","18":"1AzHv0x5B9cikR1xz7JhxheJiu7hP8oKi+1lM+QMpsY=","19":"Dmc1r6c0oShxBigD81/KNCiJ+kIB1j6bwh7oZFM7aqo=","20":"/8lCt00fkmT8ocLoujNsM6rZl5nuEIoIOXmkPaXTUpA=","21":"MMvKxz/BiMnGkeea1kTwc7BamfmqSwpT2iu1wtfp1aw=","22":"5r2zzYprngki/+yg1KOgvPaDJtm42BjqKuvh/fIRdps=","23":"FixuaXRk+qLLGOAtDQe/Gxo8+E3COLKNBTrh6gKI8cw="}},"BWduTaNoJzuN3dHQdUoGuDw0N0OpNJMJUErfnJRg78IG":{"chainKey":{"counter":-1,"key":"7glk65VaR3sN5mQ4mdd0PkGSVgccaCY1O9A6hKHKnz0="},"chainType":1,"messageKeys":{}}}}},"version":"v1"}