{"_sessions":{"BfCRujAeCy+DU01Ny9f2CYXWzn+kZKlT+6VAj28aFoF0":{"registrationId":1954390317,"currentRatchet":{"ephemeralKeyPair":{"pubKey":"BTXkdcKwBQli/3YVuO0P0bwEOPoCzHc0gXVEgj2lN9Er","privKey":"KJ2EXDuziDoFWJhta2q9TLYt6GjQiNKdpE1XD/Oh8Go="},"lastRemoteEphemeralKey":"BcPVg0NfDpzUWy7VGICrT7jQZCEqEo/rIihOWGJqkr1F","previousCounter":0,"rootKey":"Wg0GJEd+iqWJuDUMHOhNceolOWkE5Njqnav6eUr8C6c="},"indexInfo":{"baseKey":"BfCRujAeCy+DU01Ny9f2CYXWzn+kZKlT+6VAj28aFoF0","baseKeyType":2,"closed":-1,"used":1741647725944,"created":1741647725944,"remoteIdentityKey":"BWtOEltbHsN3i+6HaIgpgAsYZN9+EdSmOUB72BVm420e"},"_chains":{"BcPVg0NfDpzUWy7VGICrT7jQZCEqEo/rIihOWGJqkr1F":{"chainKey":{"counter":4,"key":"zx68bWqVvWAxzk61FVLjjOU3kNTalZzF1LIT0av3nHU="},"chainType":2,"messageKeys":{"0":"iQq5rukGc30zvpH9MHCRlJgOAMd0ah6lSehaDMcnzBQ=","1":"UF06lKhkSC2peZtf10IOBx3tQjaBh2eUDcUlbL4OZvM=","2":"y97Wms35BYhHMzgm+2X0iOhwMRMvvkpPa5GSwGXgZw4=","3":"Nr5cPP+NGQkOExGuHpJrhnbVqx684YmE8BpaxvEw61E="}},"BTXkdcKwBQli/3YVuO0P0bwEOPoCzHc0gXVEgj2lN9Er":{"chainKey":{"counter":-1,"key":"BXBusJGXkSWx41f+ilA9vuT4n4e+KqYGMNEy0Ey36Mg="},"chainType":1,"messageKeys":{}}}}},"version":"v1"}