{"_sessions":{"Bf1Td9Yl9qqwPUf4IPgJbFqKYgt7oZKvoRkiwRuAkmw/":{"registrationId":561485405,"currentRatchet":{"ephemeralKeyPair":{"pubKey":"BT5VxGGXbMqENhprQ1v517FZCruzvsdiyFbBCd/C+V4r","privKey":"GOUPrF4PdO9+Bt0PscZD9ZeHvPjaMrtLDyrPkqihPWA="},"lastRemoteEphemeralKey":"BU+FQgsJNMrFRVoeRYiaRu9OuutYu+Hmf0w0wMzyNmNm","previousCounter":0,"rootKey":"4HHEAiuYsVUSmIdrtS2colQ2QIoYKEIkKBrwdWZRfbE="},"indexInfo":{"baseKey":"Bf1Td9Yl9qqwPUf4IPgJbFqKYgt7oZKvoRkiwRuAkmw/","baseKeyType":2,"closed":-1,"used":1741647452845,"created":1741647452845,"remoteIdentityKey":"BXv4rhJsFTUJUM4HS1wnY98Ls315Z1cs0QTsTouuyF1E"},"_chains":{"BU+FQgsJNMrFRVoeRYiaRu9OuutYu+Hmf0w0wMzyNmNm":{"chainKey":{"counter":19,"key":"RWnSARp8fo4AWqSx2s3l9Qh7g0Vyn5xf+YZWShP6xus="},"chainType":2,"messageKeys":{"0":"OJkIMgYXkvefpkMr1gJjFjGo4jGCCjsHPqEEuiR9LR8=","1":"QiGYkpKVltaBX7AYcKIJ/aSbsr1z6hbgECr8m+wVmoc=","2":"kRdxxA5+JxsatdZK2jeCjb/nIDJ01BgM9S1oP+DHKX0=","3":"IKgGTgWf5qkuOtEfkAHK6SccINwC8x/8fwMwxfglfj8=","4":"pEQnh1eie/AofHNUJiQIoT7vbyykkXeyEsjX2cx5U8s=","5":"YWAzja+lXuxTxVSx1nOQ0B6vFMVaPOPYOcKsfIELAZY=","6":"mBbzSO20GmVY5ve3njuV7oqGXmKQ+v9/Wyjs09eL8Bo=","7":"vLbguJa+RlzOfVtPiBZ77L9Bk0zttSJrpoQJ2VkKT9c=","8":"IJmeXyjXqd/9+rirtN6FArdIeAYUa6kn7TQq0reRSWg=","9":"DUQ9rsPTUpJd9rEwq2AIdvqJQpqUwfoXyN5WMcaD1SI=","10":"wnbfcB5t1NOsVzSWM4w96LBdzXYX80xCBlkV8zjg04s=","11":"ywPM2jQADQW93uPn+Ln8ps90/iJvvEmEL5cPaMIlRl0=","12":"dEiGIqCDocMwERCKdES5t68enVbEbaApUgK3QTjPGKo=","13":"1DxIsgv345GBe2jj0lp7AE/k48T0McQPFe0NdBCEz/k=","14":"uO2/8FEQcNagF5K+/tmeYmX2Actak+Uf8u0C7pGnPrQ=","15":"+BVU3x+thyZHpYj8XAn2ug0I4WF0GFojSAvR7PIzenU=","16":"HG2D2ShfGliwLHfQfAyksoozxQfW1tCtzy/RYPFBEMw=","17":"oxYHkjEr7Jlfb8T1tPu3BaFNk39ydMBF8evrUAfaF9o=","18":"uRybLss/6aVYWIbaV7K1Qa6R/QvSoA183EYMG7f70No="}},"BT5VxGGXbMqENhprQ1v517FZCruzvsdiyFbBCd/C+V4r":{"chainKey":{"counter":-1,"key":"kzNw8UxbECq4YP4a3r4eaezraVxzUED6LPGaEm8MafY="},"chainType":1,"messageKeys":{}}}}},"version":"v1"}