{"_sessions":{"BUDIYjsy9Y1PoTqFR61ZMiU5MgEoc9jCggnrqlGm6eEp":{"registrationId":981826306,"currentRatchet":{"ephemeralKeyPair":{"pubKey":"BZk+kkjAj+ACZFTIcBxs1jsYP4DSqNMVG+a5CjYDATNc","privKey":"oDA03ixWORxw+PhPU15lcFrcN5ZAHh+Fr7orUiQSBHs="},"lastRemoteEphemeralKey":"BV0p4rR3AeldiinVuGtpUt/qso9PwxqyZ9SBxPCvQRcy","previousCounter":0,"rootKey":"3oBeBJOuflAmUuCYIWbhiaVK+Ua6+EdyTmquP2sngDQ="},"indexInfo":{"baseKey":"BUDIYjsy9Y1PoTqFR61ZMiU5MgEoc9jCggnrqlGm6eEp","baseKeyType":2,"closed":-1,"used":1741646972112,"created":1741646972112,"remoteIdentityKey":"BSVRw/CikoEiySnt5I+S5aeyZpwi4yOOTE0Yc9dXyPNM"},"_chains":{"BV0p4rR3AeldiinVuGtpUt/qso9PwxqyZ9SBxPCvQRcy":{"chainKey":{"counter":7,"key":"CPjD1HkhPk69pqPBNbWZVsF9SXL/6jEETuL6T2TuMbc="},"chainType":2,"messageKeys":{"0":"qhSnAE74E/pm3xKzX1MuwUyOrU4kc9ysfmDYuqc4m10=","1":"PM8vH/zpeDhuoMCAMZmfKdcsYRj7lLLXvDRG9r0YKMU=","2":"FVLk3qcVvgoy0PCtQ8Tpxy3oD0LRdDiqj8bM/Tie3N8=","3":"+vNooYXe9IevsWV86jFWLFxvSMTC5XZWH6CoVDcAiu0=","4":"9b5Y/16U0ffaNSHSES4g8FbhZTNzk5/LJlLJmAXJ+g4=","5":"oxRomV2Ekk97FrtJy5bK4zB1AdYDwA/yyVjPU/O2eGs=","6":"DIWrMxckR91iE610xfOejbmdEnBWiJ9REnmbv0pRqXU="}},"BZk+kkjAj+ACZFTIcBxs1jsYP4DSqNMVG+a5CjYDATNc":{"chainKey":{"counter":-1,"key":"esGeYiN5xcDEAz6JzOsM6Gk/BjgNxmGCq6vfOPZHXPM="},"chainType":1,"messageKeys":{}}}}},"version":"v1"}