{"_sessions":{"BaCv9Whps7/h3Ht5igHIRFj76/dqnjDWMV5YKGEt78cW":{"registrationId":1123404902,"currentRatchet":{"ephemeralKeyPair":{"pubKey":"BQHxrKVluwaJAqCswUpCcPS+h5zaua5HtGy90y0CRAM+","privKey":"wJ+K3xz/BPnyKpJlAady3iM++edQZ9M7oqEDXKhqmHU="},"lastRemoteEphemeralKey":"BRaJ7yngTYaGb5txZqIa9KNj6Ph8SBBvTA3B/LHwHIMO","previousCounter":0,"rootKey":"zyCb7qJEbpW0VaQISdEVN00P7DTbglaV4m+RMXN0kyg="},"indexInfo":{"baseKey":"BaCv9Whps7/h3Ht5igHIRFj76/dqnjDWMV5YKGEt78cW","baseKeyType":2,"closed":-1,"used":1741647558944,"created":1741647558944,"remoteIdentityKey":"BbPc3FFMgcFG89nWqenj/7gsfwHjATI+er3zlKllo3su"},"_chains":{"BRaJ7yngTYaGb5txZqIa9KNj6Ph8SBBvTA3B/LHwHIMO":{"chainKey":{"counter":19,"key":"OpcRM6378k54IeQj4+bVjN49LFlM7mMCRm1Rz7pXaI0="},"chainType":2,"messageKeys":{"0":"S8iHkh92nHhJkF+1ZAp3T6vUH09obYQ9q0Z+skMwR6M=","1":"nrA/VrsycC12EH7ppWRFZ9O9n5nFyZrAYC8cKPHvDPo=","2":"35M6Jr5Z5xVf8X4dwYOjUlhcDfuAFYtHdAyxh9cwnSk=","3":"TNgtK0vay1OR7cuOE/QeXcO8MWPRVlC3Kchk1ZrL9Kk=","4":"NR1frlavqRQeHBPnmH1QsEIbFHtx2ucRjXWMNhq1zrI=","5":"tm9SWFpg0wcEOeVya/ByHP2G52myzAot4cf1mqOcxLg=","6":"VA71UPrGL2mSHWl+2c62ANcvmSX4WCoEiOLF52Tx1ck=","7":"aiBYUBwnp98NiWihCsvVZs7BPt8b5nSwOT67t4jhvAU=","8":"TzacUihOuJ7NMO4lSdrr/ycUi4lhDKq3EXT5B0567uw=","9":"/KlaRq3v8+QgX++rYMkkis2i7IE5ACu91lUPlYEtvq0=","10":"HcQyf5P+Ty4EcDFPQSqVm3ZFzWUTI+7EoibDMPnFsdY=","11":"mjb2Ohcwos484R7afWi+8zjvDjVWUqQUMO8SidyN/hA=","12":"S7Qt5vsuZghcmsnz/fzk+ikZ/ezS4AQw15abY+orM7U=","13":"4CNZHRzOHehFxSjSbweDnxsyEQbb50+tm34ITzkZ5gw=","14":"zWExrtwqS2wRTKQX6JtWnnqHEoeB8ZXq0H5gL37Pk0s=","15":"uvErzK7B3Dt+QsJL9KloxEGilCbdugAyzbvVq4k7cLY=","16":"3X7rTRfN5OmGW+sfQOnmy091lYvgecM4m1lEfsmb6M0=","17":"ZiyAQD6PSwKp6yH9Kph3E2yuPEcBhvTNJ+6HOVASdfo=","18":"J7T7ulFZE9tWXANi8E3FVpKtia2OCMdbRF0xbKLvLWg="}},"BQHxrKVluwaJAqCswUpCcPS+h5zaua5HtGy90y0CRAM+":{"chainKey":{"counter":-1,"key":"NDNoLC0BD7HwtsX31dNoTOWki1mT0swbZ4+FYaKkMPQ="},"chainType":1,"messageKeys":{}}}}},"version":"v1"}