{"_sessions":{"BRk0MLzKUMWzxLbNE9ySglLZayoI8ePji2rysTnZMZ5M":{"registrationId":1950888864,"currentRatchet":{"ephemeralKeyPair":{"pubKey":"BVSkK2ttwUpwGdi8hBTTxnfypHVC7WUNAhISKE04IW0k","privKey":"EBGEcFxDUZOIb9Qb0nV823IRgkrCcuHgBXqKGcvxSVI="},"lastRemoteEphemeralKey":"BZ2j7inljh1LIcokeIEqyY83JNexe863oe171FsCO7tZ","previousCounter":0,"rootKey":"lgAzhbrhQSYOHZFALYjiCfPkubTx2YxbRcdA9vcfWrc="},"indexInfo":{"baseKey":"BRk0MLzKUMWzxLbNE9ySglLZayoI8ePji2rysTnZMZ5M","baseKeyType":2,"closed":-1,"used":1741646266439,"created":1741646266439,"remoteIdentityKey":"BXzGGbJmOtafZ32JGkvTXuFDBVYKfk+K+2DUykzTwoM1"},"_chains":{"BZ2j7inljh1LIcokeIEqyY83JNexe863oe171FsCO7tZ":{"chainKey":{"counter":10,"key":"6lIYTn/1yHtego6dpJ13YfnjZckYapHh4tOKbjI7aW8="},"chainType":2,"messageKeys":{"0":"WwXQZLQQjiM3XBKH9pn50ChYkxdhPvUcxn8Ojh47nL8=","1":"DeTVi5/uaiA8cqiQ3Yl5fAsVeAGgnG64AFTBsXyHaqY=","2":"Y/BJ2/Ts78EyJosMB47dw2YQUbsm8DZM+LXD2UDLa3k=","3":"opz8cT2AzSyKK31FZzsGK6kHhJ1Y5H6exRwgavhtmug=","4":"54Bd0VjUi3UDZ3gGEkgHTgjBy0ClglOYI5JK2BOSIwM=","5":"fvGoXm57fbsmGGNC2tFviU39kFIfqBmQpCFLVFoKfu0=","6":"u28j5QGNRYzTMBlb/KlISwMbQgDD2ogwOBx9gfxo0DI=","7":"K9y5OORr9MrR80GBb1FtJbHZBu9WeKEjv+EMBofkYoQ=","8":"+uk2IgqzbuzwosZO+UDGmU5/q8mG7QFV1qWkje4LHIQ=","9":"Xyg8LQ6afBlxwhWNn0Mbye/pM7Hd7Q7Mfs7XlsBYXB0="}},"BVSkK2ttwUpwGdi8hBTTxnfypHVC7WUNAhISKE04IW0k":{"chainKey":{"counter":-1,"key":"nbhSwgXTo8rk8iXhkeusHGRTLvR8H5o7U+lbfdAs2C4="},"chainType":1,"messageKeys":{}}}}},"version":"v1"}