{"_sessions":{"BcV/HS/2uNeyzZCeFK2q/+PbSe3bJ7PzCTxnwthVWNUz":{"registrationId":159687565,"currentRatchet":{"ephemeralKeyPair":{"pubKey":"BfkVv7X3XA5yPyBwP9V5fhLHsENp25Imb8/3uGUFqMMp","privKey":"6IRBy+5Bv6eXMKGjeD1+K0tkvxl4jNHgOX9wjekYVUE="},"lastRemoteEphemeralKey":"BSjziUrsPfu0CKkM6052ZMemLY6rRM3afOa4Wv8DIiQV","previousCounter":0,"rootKey":"GGPqDK3C/HLQw1vTTTOMbMMKmClaJbQ+jwQtGLtf+i8="},"indexInfo":{"baseKey":"BcV/HS/2uNeyzZCeFK2q/+PbSe3bJ7PzCTxnwthVWNUz","baseKeyType":2,"closed":-1,"used":1741643948481,"created":1741643948481,"remoteIdentityKey":"BbUxpRj+o6xngrrBTu62Qa9GYm7s/odNwCwIHMn4mLxN"},"_chains":{"BSjziUrsPfu0CKkM6052ZMemLY6rRM3afOa4Wv8DIiQV":{"chainKey":{"counter":26,"key":"tXNDOG2aGx3cSwLvKeiXdWvw0nOlDCDkVHh9kAPRBw4="},"chainType":2,"messageKeys":{"0":"TY917AR8cUmx5t8oSg0vSnW5ql3CKL5JUI5mgEGjGTQ=","1":"va4001kWiBR795fl2XIjSlssehTIRG6dGhzCvce4mpk=","2":"LFzfIn7lneroG6gLENNGoCdHiYY9PfopuQwnTKOzxww=","3":"xv6d4chwT4aBME69GClGDAYjhlkUxQhfa7a+4U0KHWA=","4":"zJ3l6U9tBFbdkY1AXu5aigDeN32qiKp/5tBhR72iZFU=","5":"AMxbxPoFQa2JWrsEiPrOdLiQKdExdZyiTSU95lW8uWE=","6":"bX6sMzqzTsl5NpypZlS8RAIHUol6b54LsQkTd3mUWjQ=","7":"t02wxBhRVwkyLPQwDkaBD/Tlf0CzrMJaWou4aBLXQlU=","8":"4wv3Vr2gkOlgk8wXexOZM9C+a+RRCkx7dkgQ1igX360=","9":"/ingnkK+gFq0jmxax+3W6EDPTA7WIkaM9G7nBq1hd0w=","10":"kNCwGmXf3qkyOueNp69/MxREm1gYdgDOmTSrse0So/0=","11":"cTIVNu7mI1wSQY674zrx8CgPIWJ1SprFhc9LgbCb5/c=","12":"8nUWt8A0tRKD4NBdX5eq/Byf7WzwsBM2cAQG6U7U4fI=","13":"G7CHIeqLfjFigznipcgP/C3PO5u6gzdj5vwn8hFuL0s=","14":"7C2YsmMG2dq32NWhYnC8S8jopurozGv84OjQIOs8O0A=","15":"sR7Nkpri8HYWMYWx8OFNf8bOalYsgJbmEcaF/f06MWI=","16":"RwdOAOyL0ABOVwOAdmi71gH7DxUHyBQjQ0Mtts7rO0o=","17":"SQlJTasf9rnUwzp/ElJNdDpeADVGci2vZI1AS7/qHuw=","18":"iB8blfoRPQIEXI2A1eYyEILegyrF3D8K/d7w1AfXfOc=","19":"ifT2g5jID3kGqO7axeVlpB91uVk/MW1mJr4i+3jSL88=","20":"tQ81X07/XXX5AZ1xqMY7a3YlRQEPqAK6tAMaZrPorPU=","21":"2eFUmWcEcw3lvbeNzQ5mszxz290lgAF7D6Nqg48MAtQ=","22":"gBy2dCOh3Xvh0BGm1RXMQNPz/oicYosQwM1JDLM6q1U=","23":"AScLdda3JPzDv+v0VMvT024J5PTscBB29vm2cQYIOG0=","24":"11rs4iSitecgV26W5C4ybVZA/U2VBhLQJ01rChkfPD0=","25":"yI/8vPoyqRDozDybg/dZwuUtq47KLMGPZykUOO6J4yE="}},"BfkVv7X3XA5yPyBwP9V5fhLHsENp25Imb8/3uGUFqMMp":{"chainKey":{"counter":-1,"key":"wvnHJjdTn1q/YPljNCZeHW5Diy346H3KsJoGOzsa4r0="},"chainType":1,"messageKeys":{}}}}},"version":"v1"}