{"_sessions":{"BUz6F8jRtGRXeJuGB9BTRoJ0iMtVO1EUWWp66VDHZlNQ":{"registrationId":1312949299,"currentRatchet":{"ephemeralKeyPair":{"pubKey":"BZyNIFA8rfrJXZdtMeLXFVFo2u9bBSdzn84l0+mcnLti","privKey":"QERryNvUFtfrahv1oZqknY1AxJZ4JBUlcJ8ejJREu1E="},"lastRemoteEphemeralKey":"BZx/3l6fXFvl76L5WuVafaaJw4xc5TV7Gy8tc03s6Ltw","previousCounter":0,"rootKey":"ukJfJ2xOR9/IUoI+W+CnSMtRveVufnpfYsReUyF/uc0="},"indexInfo":{"baseKey":"BUz6F8jRtGRXeJuGB9BTRoJ0iMtVO1EUWWp66VDHZlNQ","baseKeyType":2,"closed":-1,"used":1741645536075,"created":1741645536075,"remoteIdentityKey":"BQ4EKpkaYLgLldskHzPnAJswkBFPXexRvmNH/diAnRM+"},"_chains":{"BZx/3l6fXFvl76L5WuVafaaJw4xc5TV7Gy8tc03s6Ltw":{"chainKey":{"counter":23,"key":"K0rZDp9lRZ76IXkWZa0NDOntTIlW9LDoGgd6lZCARH8="},"chainType":2,"messageKeys":{"0":"eCYiFOjTb6AHgbFJ+eAkCVLnOwxW+BMHAhyaqLedh1k=","1":"PBfGoDOi04q1Oi8SCffxNGBj4lGL5NQI6feea9FyA5I=","2":"CGdMoxrds/cMh4UDEyLwofU7/OJqYHh4SJqYA4n8K54=","3":"wGHNK9lRBtPRGU5Sz3B/9MVlY1iJ4PYvdV+0AX2rx6s=","4":"KYlXjgELnJ6k5fAYDnKjK43+dNlgofAKeA9+WyimXvA=","5":"SJa7IJnVQD/3ebeD5sIdJy8WQkAlfqHgiOI5gnmeKJU=","6":"RCnS9UsXdJ8k8MwB1GbMTbyyA1QXOzs/SLda0zugUcQ=","7":"NaPS8RYnjfNf71VW9+8fEri73WS501STTu5D8gT1uJI=","8":"8LaXfcO4bxkioTHNj+O4NbypCueSQ64PKk6Voar5Cr4=","9":"KnK8QOemHeW1Ck68iGnLCP4rCAe7V+eqGsT94EIgeqM=","10":"SACslQWh3ilXw1FbqYIwqA7bgPTGB/8B4/yUl6fWz24=","11":"QJlU64jdk5sO4coXsA3qgus47eVOAWWa3gLGosYy4/M=","12":"m7wRZecb5P6TrjG17PXR4ZnivDPus3ZLWa0MK4QfMPA=","13":"3UwMrMcuJV1sxc1H7pXBrEm0Af3Bsy4b7QBBpFfY0YI=","14":"kKh+b03d8cyq/2u7gVDhblXwwMQiu5Queik2KrY26jo=","15":"AmkF5Z7t18LE0OvEO41iSrfqtFTMz/raVBFDRxMH7mQ=","16":"ocKeUxtw7zg7lvIp8EscgyZ5t9GKI8z+duMfB8LE7m8=","17":"f9H98rY3QtpNYzOPb/j6LMbV0xwlBuo/PQmD4QZ/sqg=","18":"8zgX/idmfj9WFhMkHOqp7rKSkr2lUs57ybETh9i6Js4=","19":"vISGtzuXEK3uTUk52Y2fZjU2TrzRWLRxBbjL/B30vWM=","20":"PuVnppor2NFJZqTYQTubBB0q2E1Mlc3/1LI/kb3oTsQ=","21":"5P72HE6WuK3MoVH74V0UZpOYOz3mpCG/SWTVT3JCNWs=","22":"r4iPs4FsZiJA7+NWhI18eFI8S061a69kHxcniFno9gE="}},"BZyNIFA8rfrJXZdtMeLXFVFo2u9bBSdzn84l0+mcnLti":{"chainKey":{"counter":-1,"key":"Rw9TkEbPsAU1ZWu5wmyYIBniyIhTEGJs3adb1CvZ9L8="},"chainType":1,"messageKeys":{}}}}},"version":"v1"}