{"_sessions":{"BSr37ODl+JgmeA6jOksfZPnKC4luOpprFd/XGBsnwItZ":{"registrationId":1207465593,"currentRatchet":{"ephemeralKeyPair":{"pubKey":"BacUvnmmNi43Hntbz+Z01y2uGTRh7M1lruFXWOFu1nw5","privKey":"EKLw1NOcqJu5fbJR6C/r0jsJ7mp1HZkPg1Jit5IFWnw="},"lastRemoteEphemeralKey":"BUS0WiRdHIKxq0EEMnTW3OPAYerNUkOaig9bPBidDzYO","previousCounter":0,"rootKey":"hRai9MttyMKBSlb7sNulZ9fNH9uh+3dvtJ6cDNEFDK0="},"indexInfo":{"baseKey":"BSr37ODl+JgmeA6jOksfZPnKC4luOpprFd/XGBsnwItZ","baseKeyType":2,"closed":-1,"used":1741646537551,"created":1741646537551,"remoteIdentityKey":"BfUOsfrWy+J/ydQ+AXdRzRnsx+o8k6wUt2334rJTm35Z"},"_chains":{"BUS0WiRdHIKxq0EEMnTW3OPAYerNUkOaig9bPBidDzYO":{"chainKey":{"counter":2,"key":"YdrSZ9L7Jhqdi+sb7H7B5UW3o2zfh20H3vJTISwgfjo="},"chainType":2,"messageKeys":{"0":"Df8pAh7nqfmwJ7iqZ3oIbXMrXrZJmEgt/chy2gTozOE=","1":"JdJ+eUdcuzR03M5J4SYc1OvIeajuBHEP8N0yZahUU0o="}},"BacUvnmmNi43Hntbz+Z01y2uGTRh7M1lruFXWOFu1nw5":{"chainKey":{"counter":-1,"key":"JTRKaOC+LrAfXF+FU+7K+nXRY4kJWMBbq0xTPoYrJLM="},"chainType":1,"messageKeys":{}}}}},"version":"v1"}