{"_sessions":{"BfEfCH7AqhJ6jP+YpaiKuak+ZqOvvW5h2Hv6pT2M5j88":{"registrationId":240,"currentRatchet":{"ephemeralKeyPair":{"pubKey":"BTHZnLHSlCNrwW5/nrIbK73jqVV4Z4133rl2f4S7MIsS","privKey":"+PkD8bVBtaLTvlanAYAD94CWJdbv8Thhq4cGJuFQOm0="},"lastRemoteEphemeralKey":"BWit/3K1y12idfaYOc+h69L64WH+Z1DaoGR4bXVUHz85","previousCounter":1,"rootKey":"2B+vnUAZ9Pq00871gfyECiLP0UadyZalnw4d2gSaI0A="},"indexInfo":{"baseKey":"BfEfCH7AqhJ6jP+YpaiKuak+ZqOvvW5h2Hv6pT2M5j88","baseKeyType":2,"closed":1741442023732,"used":1741440748646,"created":1741400050947,"remoteIdentityKey":"Bc7IJORlRf0V6+JGUeYummbTwRAKxsHXZEeaLgx90LxD"},"_chains":{"BWkV6V5Gn/DEe9AJH2d+wiK32v2s70fvd+R58E9UwxkB":{"chainKey":{"counter":10},"chainType":2,"messageKeys":{"0":"a8n28w5Fb5kLEHuOaxxNIczSaT7lvxR8F/uuiuEB5Ec=","6":"tKCdFMFehNMOEm/CNZKL5AmtEdJ6tiZg+kSNkYfC72M="}},"BaJbPcaGCf308Yy0IwgxXNxq14QMEgd17Ykk8ZtFLaou":{"chainKey":{"counter":0},"chainType":2,"messageKeys":{}},"BUwif4pG+Q12D2/+sUyL8N2yO9SQeKYVrPMpJycKhPhC":{"chainKey":{"counter":24},"chainType":2,"messageKeys":{}},"BRzwSSWaBho9XvqR0dCbrY27E9sooBWleuuS3rp3m3Em":{"chainKey":{"counter":128},"chainType":2,"messageKeys":{"28":"C2Nc6wYgXmiBxCm9WDHZltQxKXQBLJ50Q1ov2WQsE0I=","32":"ZcYAtMYHikr2ndithqar3F8g9+CkeORwxf0ST1JEWAc=","36":"h9nD3MU1WakvYfbp8OS6xsdBumRRlIW0M7raYRYtOmE="}},"BY5ntBJuXMrsRDeZkBAjWTPp/bpqoP/rRuiJlrkTYJ1f":{"chainKey":{"counter":8},"chainType":2,"messageKeys":{}},"Be99xHuzpG3pCJ3sTQs4V1yizmysFkrAahYQnRHUzYxc":{"chainKey":{"counter":6},"chainType":2,"messageKeys":{}},"BWit/3K1y12idfaYOc+h69L64WH+Z1DaoGR4bXVUHz85":{"chainKey":{"counter":16,"key":"Bjyy0M8AZ8Sf4qyPxfCaVcObq+e+BqfHz0zHBjsCXWM="},"chainType":2,"messageKeys":{}},"BTHZnLHSlCNrwW5/nrIbK73jqVV4Z4133rl2f4S7MIsS":{"chainKey":{"counter":-1,"key":"hE69bSJFyl1THsjhsLr9ubq568JBUbxGl08MdMQDFy4="},"chainType":1,"messageKeys":{}}}},"BVSPkIhL683pax/PvDXEW6W6N9S+0XyhLZr9Kc11A41U":{"registrationId":240,"currentRatchet":{"ephemeralKeyPair":{"pubKey":"BQMsY99lXiHqzsH2SS6bofg1u202UGP3Vbf9f6dGR1sX","privKey":"YK1jKRw++tDAgL70U2rRpKvuJVngnqfwhWkqa1ZjaFU="},"lastRemoteEphemeralKey":"BWcCxAoBZoNmuZcy28scnBcpL7zlYruD3fFx8/vG1x8g","previousCounter":0,"rootKey":"jqfJfxahK+t/ybJAk2SfKdN9eWoSiD3TBsKTjPShVec="},"indexInfo":{"baseKey":"BVSPkIhL683pax/PvDXEW6W6N9S+0XyhLZr9Kc11A41U","baseKeyType":2,"closed":1741444324454,"used":1741444212305,"created":1741442023738,"remoteIdentityKey":"Bc7IJORlRf0V6+JGUeYummbTwRAKxsHXZEeaLgx90LxD"},"_chains":{"BRrZQFw2wDHOIRtivoLZ2OxVSjGEfGz8wuoysWOL5m0r":{"chainKey":{"counter":4},"chainType":2,"messageKeys":{"0":"1E6En/0YRB0vtCNzwFyQCSLVZkS6uwgEM2h7JASaDpY=","3":"KwgRUPs8UMVDpRv9ezFC7T7MBFzQ0tXA4mAD1exsj74="}},"BWcCxAoBZoNmuZcy28scnBcpL7zlYruD3fFx8/vG1x8g":{"chainKey":{"counter":7,"key":"qCkB9ze6PsGEGja8eoYeJ0gKjrDADVYcLRVamogTjvA="},"chainType":2,"messageKeys":{}},"BQMsY99lXiHqzsH2SS6bofg1u202UGP3Vbf9f6dGR1sX":{"chainKey":{"counter":11,"key":"lWgq4m7cUNL7kJfBYMSN2xv4wnaxT4KUVHeJQh51c/s="},"chainType":1,"messageKeys":{}}}},"BaAa+lccQocO/Fm9q5fb5j7NpERyWCyMeE6kqWMOVUYc":{"registrationId":240,"currentRatchet":{"ephemeralKeyPair":{"pubKey":"BfbDiDeEqZT27RGkqfwHlduNq02zDFLILvxhAUpjwxVR","privKey":"8Gtjm82DlqLc/LNyNxYeI+O8yb/nktPGy7s5VHthi2I="},"lastRemoteEphemeralKey":"BUTEC19pWstIm+ubLYA023eB4FkGSeCMkVzqESV+nsMn","previousCounter":0,"rootKey":"pAkgwaolgdQTeqp3mTk1EQ0BOa13jPswYugVVMzrhZ4="},"indexInfo":{"baseKey":"BaAa+lccQocO/Fm9q5fb5j7NpERyWCyMeE6kqWMOVUYc","baseKeyType":1,"closed":1741445519731,"used":1741444582845,"created":1741444324452,"remoteIdentityKey":"Bc7IJORlRf0V6+JGUeYummbTwRAKxsHXZEeaLgx90LxD"},"_chains":{"BUTEC19pWstIm+ubLYA023eB4FkGSeCMkVzqESV+nsMn":{"chainKey":{"counter":1,"key":"aeC2hBZ3TN1N0R+40k9UjL15JvqJ3PPBSuwcHoxIj6k="},"chainType":2,"messageKeys":{}},"BfbDiDeEqZT27RGkqfwHlduNq02zDFLILvxhAUpjwxVR":{"chainKey":{"counter":12,"key":"kGqaq7hsxmcuAzk60kR2bCAPqGXpAChfoW+KElcOjuU="},"chainType":1,"messageKeys":{}}}},"BWxUzoyw8naJq5jYYx6VZbw1WX3JaW8AobYC6fRZobsL":{"registrationId":240,"currentRatchet":{"ephemeralKeyPair":{"pubKey":"BVrI4PVj8DisYIgFPgRHI3IfR5Q5kVb4T3sy1HTYC35u","privKey":"2IZg9YduTKEx7XYg7zrSVSqlOjFQjgrcCTT1rZBUZk8="},"lastRemoteEphemeralKey":"BSB+m5nojyB0brxl1NXpd4fuhFLKOUwWFDZ1aU5JPONG","previousCounter":0,"rootKey":"xxsSmngtffypi0aHQ3uLLS4UhQ29zWnal/1/v9zMGB4="},"indexInfo":{"baseKey":"BWxUzoyw8naJq5jYYx6VZbw1WX3JaW8AobYC6fRZobsL","baseKeyType":1,"closed":1741445525980,"used":1741445519730,"created":1741445519730,"remoteIdentityKey":"Bc7IJORlRf0V6+JGUeYummbTwRAKxsHXZEeaLgx90LxD"},"_chains":{"BVrI4PVj8DisYIgFPgRHI3IfR5Q5kVb4T3sy1HTYC35u":{"chainKey":{"counter":0,"key":"y+6xj7bAEE0aGzgU59CrJRUmSfjC7yObi7EzOyfYeiA="},"chainType":1,"messageKeys":{}}},"pendingPreKey":{"signedKeyId":1,"baseKey":"BWxUzoyw8naJq5jYYx6VZbw1WX3JaW8AobYC6fRZobsL","preKeyId":2050}},"BS1pTW7EXBSPIXUriQ+GgjSRPg9xNhaLaFCW4IQtx7oU":{"registrationId":240,"currentRatchet":{"ephemeralKeyPair":{"pubKey":"BaJYPTBTDbArSgXEY8oCYpyG5S8NM8+P7+/tJamrRaIm","privKey":"OF3ZBFW163tDEa/VW88n4mz7kNZoiU+c3Uz98rLbL0I="},"lastRemoteEphemeralKey":"BSB+m5nojyB0brxl1NXpd4fuhFLKOUwWFDZ1aU5JPONG","previousCounter":0,"rootKey":"3sqRUnNyzZFA1BLik9c9vp8Ozc7McIYkRmhyspAJ2mE="},"indexInfo":{"baseKey":"BS1pTW7EXBSPIXUriQ+GgjSRPg9xNhaLaFCW4IQtx7oU","baseKeyType":1,"closed":1741447317506,"used":1741445525978,"created":1741445525978,"remoteIdentityKey":"Bc7IJORlRf0V6+JGUeYummbTwRAKxsHXZEeaLgx90LxD"},"_chains":{"BaJYPTBTDbArSgXEY8oCYpyG5S8NM8+P7+/tJamrRaIm":{"chainKey":{"counter":0,"key":"ExHsEOQz90Oa1IyZfYxtFNbYWanxeTQP984iFoVXB1w="},"chainType":1,"messageKeys":{}}},"pendingPreKey":{"signedKeyId":1,"baseKey":"BS1pTW7EXBSPIXUriQ+GgjSRPg9xNhaLaFCW4IQtx7oU"}},"BViwXObIxe9dhp4Fl54jhLCoI2xeD8kfOffU/nXdP+gG":{"registrationId":240,"currentRatchet":{"ephemeralKeyPair":{"pubKey":"BcqFCr3YxelFochLCQqubPiIdRMqLhoxkcOiRVkW/vQq","privKey":"ANXq5id24QkiP0sGm6DTA3m29Sks/vBOIOYngiH4AVI="},"lastRemoteEphemeralKey":"BTxXtB4FpHtZjRDUy378ukpgZmTD2fVL6pir4HueUTZZ","previousCounter":0,"rootKey":"Q6OzclxaHZOfHnfshWWbTdKeeV5ft61ffLZCRcWxtDQ="},"indexInfo":{"baseKey":"BViwXObIxe9dhp4Fl54jhLCoI2xeD8kfOffU/nXdP+gG","baseKeyType":2,"closed":1741450030563,"used":1741447317509,"created":1741447317509,"remoteIdentityKey":"Bc7IJORlRf0V6+JGUeYummbTwRAKxsHXZEeaLgx90LxD"},"_chains":{"BTxXtB4FpHtZjRDUy378ukpgZmTD2fVL6pir4HueUTZZ":{"chainKey":{"counter":0,"key":"0iaubQaz4xd2t/AM+lXSnsF0aViX9FfKHBpmIugthjs="},"chainType":2,"messageKeys":{}},"BcqFCr3YxelFochLCQqubPiIdRMqLhoxkcOiRVkW/vQq":{"chainKey":{"counter":1,"key":"uTbDG5d7pWB/O9mra/9/mxSioOJuhQfNaAraqEsnO/8="},"chainType":1,"messageKeys":{}}}},"BYXWW6yukxXmHf5VG7fnPJRPuYcWAFHnEQ9mNBwoJS5P":{"registrationId":240,"currentRatchet":{"ephemeralKeyPair":{"pubKey":"BYzZlzUIwGX22Ld7OfyC2wi7qssIdpMeOoHF+tz5kMwe","privKey":"uAUbohG/nUJzAZPcrQ6Bt4d/E6SaqTLSheh2zMjkFl0="},"lastRemoteEphemeralKey":"BSB+m5nojyB0brxl1NXpd4fuhFLKOUwWFDZ1aU5JPONG","previousCounter":0,"rootKey":"6ENeusaT9fBxTSYq/+12xTXgvytvB7EoLUxUFmGbd24="},"indexInfo":{"baseKey":"BYXWW6yukxXmHf5VG7fnPJRPuYcWAFHnEQ9mNBwoJS5P","baseKeyType":1,"closed":1741450035762,"used":1741450030558,"created":1741450030558,"remoteIdentityKey":"Bc7IJORlRf0V6+JGUeYummbTwRAKxsHXZEeaLgx90LxD"},"_chains":{"BYzZlzUIwGX22Ld7OfyC2wi7qssIdpMeOoHF+tz5kMwe":{"chainKey":{"counter":0,"key":"aEKLVpn6X2eN7cgUZIWCw/QRuwYQ4Ssu95N8UFlgonE="},"chainType":1,"messageKeys":{}}},"pendingPreKey":{"signedKeyId":1,"baseKey":"BYXWW6yukxXmHf5VG7fnPJRPuYcWAFHnEQ9mNBwoJS5P"}},"BWmbrjNe6ftkPgPSMOxiRh2rlhe9gQBYqsL2elfHNVwM":{"registrationId":240,"currentRatchet":{"ephemeralKeyPair":{"pubKey":"BUdjAHahOXu43K537F0k4ElHTtT4UhSj/bxntS7ewY8b","privKey":"eIa2eDnbufnaE+QuWhPSmVWrwUbOUXHIVGelgf3qJVI="},"lastRemoteEphemeralKey":"BTCuHKYirPaCa31VR78+clql9JV7f8NQVFMc1EIZSltb","previousCounter":0,"rootKey":"ja+NXiI5sUD2nyWkRz5nNrTy4967wSLtwKayi3h1/xY="},"indexInfo":{"baseKey":"BWmbrjNe6ftkPgPSMOxiRh2rlhe9gQBYqsL2elfHNVwM","baseKeyType":1,"closed":1741511221498,"used":1741511195116,"created":1741450035759,"remoteIdentityKey":"Bc7IJORlRf0V6+JGUeYummbTwRAKxsHXZEeaLgx90LxD"},"_chains":{"BVTCgd6HfeKVjNeDhSANgvimIYADlLLnuKy99hVODq5V":{"chainKey":{"counter":0},"chainType":2,"messageKeys":{}},"BZtx8oJ7rhUnoIuc75DPXTp75ohxfiDb0w43GAPh9WVa":{"chainKey":{"counter":1},"chainType":2,"messageKeys":{"1":"JrwQuNMC4C8Tk7Lxo677rAQssZ2sOT+3r4Nmx4GXgLM="}},"BeaG2R/EUcjpMDyrMoYxaVRzPfj0BsyF3FRKZqhFlJtj":{"chainKey":{"counter":2},"chainType":2,"messageKeys":{"1":"Forc1iGifL2A2+UEpBwRNkBIbAxmlHvHvk2PMDRWTng="}},"BVUwD0+XRw/MUbpbVytr6NxfzDHAApqtDR/SKjDvIlta":{"chainKey":{"counter":2},"chainType":2,"messageKeys":{"1":"OIzRAKJ1F0chDLVDEaHpBkBlaH/BsvJM3UBnKQWrNus="}},"Bbi6EPbh0fywmJKB1wbOYFehTTBfztyzMcx04Tna1OFK":{"chainKey":{"counter":17},"chainType":2,"messageKeys":{}},"BeqojRlAeEcrKFVYZC+Ou4nSUu+HyH1S9KiQG3wff9Vu":{"chainKey":{"counter":19},"chainType":2,"messageKeys":{"0":"DOgFSVZeTpBl/qo4KcSy7KhsAyOmFrESbaR0wv1SYmU=","17":"4sUviFA/cotD1YEwXtTC+0LblfL8nTt7nuuT09YemZs=","19":"sj7BhkNN6LuR5WC9arJZeE+Z4HE9NAvfKb8jGdzaaA4="}},"Bbbb3yVVnAL9T9thc9WhV3iuqOSTRY0ONF14T2bD3hwQ":{"chainKey":{"counter":28},"chainType":2,"messageKeys":{}},"BfAMr7/5uPK8iWh3B7DWEDbdnL1BEE5I6eINbkMlKX0t":{"chainKey":{"counter":9},"chainType":2,"messageKeys":{}},"BbfunnbKUwb4LaTQgGHmtFOEoJpglxjTiBGZ9EARgJ8X":{"chainKey":{"counter":19},"chainType":2,"messageKeys":{"11":"5Uue410p7370+1/dU+FIr4caqI4qodeekWPqpTjJoAk="}},"BTZtPKxb4FJkeqOUrVGGJvt2BcaYG1x6+VKaR+B7+SsJ":{"chainKey":{"counter":33},"chainType":2,"messageKeys":{}},"BTCuHKYirPaCa31VR78+clql9JV7f8NQVFMc1EIZSltb":{"chainKey":{"counter":3,"key":"TPO2NpzuAWcYFxyMfUZvthdkiraKdf/lgn6v2JvQ0M4="},"chainType":2,"messageKeys":{}},"BUdjAHahOXu43K537F0k4ElHTtT4UhSj/bxntS7ewY8b":{"chainKey":{"counter":7,"key":"eCNumU+SCjnho5xezCwYzl4CRxRnE/XBRvihygyCIss="},"chainType":1,"messageKeys":{}}}},"BbXsUV5OawBZiNJWFdbxdVEF3CCrGd9hbOb2CpBXhnBm":{"registrationId":240,"currentRatchet":{"ephemeralKeyPair":{"pubKey":"BcK0+cBgdn7FL3EcNTvKToiK1CZAOfl4Zx/IjT8rABQW","privKey":"yNKeHnQKbJu2mJkwgOcGJ0GXXTONCWyprvOt0JdttF8="},"lastRemoteEphemeralKey":"BSB+m5nojyB0brxl1NXpd4fuhFLKOUwWFDZ1aU5JPONG","previousCounter":0,"rootKey":"dHJ00vYFWo7fC98qeVkpuIQ1MTzTPkFe7Yj+E3U1A14="},"indexInfo":{"baseKey":"BbXsUV5OawBZiNJWFdbxdVEF3CCrGd9hbOb2CpBXhnBm","baseKeyType":1,"closed":1741511227304,"used":1741511221496,"created":1741511221496,"remoteIdentityKey":"Bc7IJORlRf0V6+JGUeYummbTwRAKxsHXZEeaLgx90LxD"},"_chains":{"BcK0+cBgdn7FL3EcNTvKToiK1CZAOfl4Zx/IjT8rABQW":{"chainKey":{"counter":3,"key":"aMBSQRBcGbda3nLLMHJayDQAsDAtIMa9JZPE/FTBXXc="},"chainType":1,"messageKeys":{}}},"pendingPreKey":{"signedKeyId":1,"baseKey":"BbXsUV5OawBZiNJWFdbxdVEF3CCrGd9hbOb2CpBXhnBm","preKeyId":3497}},"BYvpAfQJgjOVB1/rBy+0gLMwuxesQEgmnW3unIa8R3EW":{"registrationId":240,"currentRatchet":{"ephemeralKeyPair":{"pubKey":"BSC1D6R0T0x9bVIbuDYVN+Qq9+jjldnKhI4sCbfKfDxb","privKey":"IEVBwclhbHAyJMk7c6MmkuyZ18oRA1REzR04b6E03Fk="},"lastRemoteEphemeralKey":"BSB+m5nojyB0brxl1NXpd4fuhFLKOUwWFDZ1aU5JPONG","previousCounter":0,"rootKey":"fKXHMab73cA/HP5BmYS0FDUeOze28d/MJ7YYn+e+/u0="},"indexInfo":{"baseKey":"BYvpAfQJgjOVB1/rBy+0gLMwuxesQEgmnW3unIa8R3EW","baseKeyType":1,"closed":1741511229878,"used":1741511227302,"created":1741511227302,"remoteIdentityKey":"Bc7IJORlRf0V6+JGUeYummbTwRAKxsHXZEeaLgx90LxD"},"_chains":{"BSC1D6R0T0x9bVIbuDYVN+Qq9+jjldnKhI4sCbfKfDxb":{"chainKey":{"counter":0,"key":"qr53rJIBtCtWa+6hw4QkvBTdlFsIIkX80nLNbRM1pQA="},"chainType":1,"messageKeys":{}}},"pendingPreKey":{"signedKeyId":1,"baseKey":"BYvpAfQJgjOVB1/rBy+0gLMwuxesQEgmnW3unIa8R3EW","preKeyId":3492}},"BbCR6HWAdBhlzmRu9AeiY0laDG8hBzSDT7Pkkj9wrIdb":{"registrationId":240,"currentRatchet":{"ephemeralKeyPair":{"pubKey":"BcS7LcCYh19AB+M7jINCAAyPsw6bebgTM2geZk0iahEb","privKey":"eCbi/GRacpqoafDrDPYNiUR8QL4UPFYZgoG7bSvJ+mk="},"lastRemoteEphemeralKey":"BSB+m5nojyB0brxl1NXpd4fuhFLKOUwWFDZ1aU5JPONG","previousCounter":0,"rootKey":"uf88nQz4prSB1e9L2dqNB5PraVATeacOmh/ZGpNMyeU="},"indexInfo":{"baseKey":"BbCR6HWAdBhlzmRu9AeiY0laDG8hBzSDT7Pkkj9wrIdb","baseKeyType":1,"closed":1741511232301,"used":1741511229876,"created":1741511229876,"remoteIdentityKey":"Bc7IJORlRf0V6+JGUeYummbTwRAKxsHXZEeaLgx90LxD"},"_chains":{"BcS7LcCYh19AB+M7jINCAAyPsw6bebgTM2geZk0iahEb":{"chainKey":{"counter":-1,"key":"kDzv1IVvShGuTfD6ZIH27U57nuihGPAnerm7pK3cfLM="},"chainType":1,"messageKeys":{}}},"pendingPreKey":{"signedKeyId":1,"baseKey":"BbCR6HWAdBhlzmRu9AeiY0laDG8hBzSDT7Pkkj9wrIdb","preKeyId":3470}},"BaDPYzdyKa+0GDeSCp30qqQ134/Pq+TvIjH5paOR5KBr":{"registrationId":240,"currentRatchet":{"ephemeralKeyPair":{"pubKey":"BaLlG04AwPqW9kehrCmpXmxlsbGybb8W0+QVoEvNzqhj","privKey":"UBx+AGFOdxggNN11hWeCtStOgE0GifzjcxrlWSA0hms="},"lastRemoteEphemeralKey":"BRopoV1mcPi2VPGbCCEkQDjQJ1z3qscIISMERcUCy7pL","previousCounter":2,"rootKey":"ZWUi5qLRg3J45ZBpAfyUNqIZra3NsNVQB6Jz7RbM33c="},"indexInfo":{"baseKey":"BaDPYzdyKa+0GDeSCp30qqQ134/Pq+TvIjH5paOR5KBr","baseKeyType":1,"closed":1741525367928,"used":1741524666726,"created":1741511232299,"remoteIdentityKey":"Bc7IJORlRf0V6+JGUeYummbTwRAKxsHXZEeaLgx90LxD"},"_chains":{"BToU4CRO5+tzWCIUSqBdC2tkgFj4rfKie0Y4lsJ9hMBq":{"chainKey":{"counter":0},"chainType":2,"messageKeys":{}},"BUx+EPJypZF6ih48F2GhPvcHwfq4kDeNZDpNCP0oH7QS":{"chainKey":{"counter":0},"chainType":2,"messageKeys":{}},"BcXbLBvEr1TdxUhCObyFmez3kFA/DGLiA66bQ8/kqbRl":{"chainKey":{"counter":5},"chainType":2,"messageKeys":{}},"BRVfRjYtY/jBO6j4CuU8SASeuG6pvb9+zvH1oCW+vcM1":{"chainKey":{"counter":3},"chainType":2,"messageKeys":{}},"BSIP1YJFnzFmmwx/zaHapB2kA+HqSWRkpi60f6l4ZYk+":{"chainKey":{"counter":8},"chainType":2,"messageKeys":{}},"BfA2kS75cJkTiceAc8FET+pyLpYwDnlBXYqBWdpZYS8U":{"chainKey":{"counter":8},"chainType":2,"messageKeys":{}},"BTMk3JscBJDBXmMraUk23ZtzEw8RAldVVET8vT3mNsQ9":{"chainKey":{"counter":11},"chainType":2,"messageKeys":{}},"BRopoV1mcPi2VPGbCCEkQDjQJ1z3qscIISMERcUCy7pL":{"chainKey":{"counter":1,"key":"yY4X0SgrkNETKPBIAhi3fqPqwJif6YTCbQiK0+/1TEk="},"chainType":2,"messageKeys":{}},"BaLlG04AwPqW9kehrCmpXmxlsbGybb8W0+QVoEvNzqhj":{"chainKey":{"counter":1,"key":"lgAVcUTnIJQ3+4d8aIIkJzDFWqNV5icFQV6+HZs7SOQ="},"chainType":1,"messageKeys":{}}}},"Bb2fp689y5kHcingqS1NyEcU0lmIQ48Aj7QF+h38+IJu":{"registrationId":240,"currentRatchet":{"ephemeralKeyPair":{"pubKey":"Bdx++R82qL5dTxM7YSPQdPwNguF2VpN/4v2KDl02mCAe","privKey":"sOSLKM3fedLejewBgkgniBCLrVXI5qm3yLzHopezAUM="},"lastRemoteEphemeralKey":"BVHwHIN0ki437xZLGBhWxKZDio2/HI6x4kevb9NP8udY","previousCounter":1,"rootKey":"OGNiEt3uOJ+j9K2ZEDk7KrlL/MtC8J9++7bNQQJYmk4="},"indexInfo":{"baseKey":"Bb2fp689y5kHcingqS1NyEcU0lmIQ48Aj7QF+h38+IJu","baseKeyType":1,"closed":1741529689717,"used":1741529178557,"created":1741525367924,"remoteIdentityKey":"Bc7IJORlRf0V6+JGUeYummbTwRAKxsHXZEeaLgx90LxD"},"_chains":{"BWmjy7wr471o66X5m4jLftyAuhNMyA3uRuHr0RmfnwUq":{"chainKey":{"counter":0},"chainType":2,"messageKeys":{}},"BVY2EZ0ZQDmz3jDaHmyhAkOUDupil8Y84Yf0bMNuXSMq":{"chainKey":{"counter":0},"chainType":2,"messageKeys":{}},"BeXIsIYCiM6OqGtnljfxZB6x34fCk5X6QfF+PohbFpdq":{"chainKey":{"counter":3},"chainType":2,"messageKeys":{}},"BUBtS7kqmYQffBnkf2ZQdmxxWyJAhH0biqK2FZUxdaBt":{"chainKey":{"counter":11},"chainType":2,"messageKeys":{"6":"pAFRaj3rPMP4lsGTLLUkrH4w1MCjD/wE0/9FR8l2Ies="}},"BVHwHIN0ki437xZLGBhWxKZDio2/HI6x4kevb9NP8udY":{"chainKey":{"counter":4,"key":"qLuu8cgegdfxEqF0O0UHodT63Iucj9d2NPsumbEtm/4="},"chainType":2,"messageKeys":{}},"Bdx++R82qL5dTxM7YSPQdPwNguF2VpN/4v2KDl02mCAe":{"chainKey":{"counter":-1,"key":"NJWHP4jsU6lCnZy1/Ih2ApMvxYW7rF77uRWxN/xhKdk="},"chainType":1,"messageKeys":{}}}},"BRxLQ5a83q/P8vmXDCQvd8Rfo2+6y/olQ4A+Woz/wGoh":{"registrationId":240,"currentRatchet":{"ephemeralKeyPair":{"pubKey":"BZn4+BJupZqGBecs1AYHjb9z/7At12lLkt0GNQ7+hZd+","privKey":"MM6NHto8iY3vZpz6T+0mKIvWUtpKiYCoW2L8U5DWfVg="},"lastRemoteEphemeralKey":"BQ2x9nYlAfM0nV85qvywceotriEZo9GQCcAhRESUqXV7","previousCounter":1,"rootKey":"kxYz/k+k1Udt+HN5g4KvA9RxnjStdE5tdbM9o0yir10="},"indexInfo":{"baseKey":"BRxLQ5a83q/P8vmXDCQvd8Rfo2+6y/olQ4A+Woz/wGoh","baseKeyType":2,"closed":1741606826530,"used":1741606559244,"created":1741529689722,"remoteIdentityKey":"Bc7IJORlRf0V6+JGUeYummbTwRAKxsHXZEeaLgx90LxD"},"_chains":{"BcxsLMae73FbicGju0mYT2/dQilKyrPZ+ay6BJ/ZDJci":{"chainKey":{"counter":30},"chainType":2,"messageKeys":{"0":"gnOkULc8GVNy+MA6PSBWxlpxsCMY3Dn/m+fR03DxqGo=","4":"bDpJj9gKwDcAj3rAeruYXvkhbPCvtwIDDkHlHtQQnTc="}},"BVCjX5TRO8zoHhRS7gdhSbYryQTBBZRa3+cvnngdfcoJ":{"chainKey":{"counter":24},"chainType":2,"messageKeys":{"22":"VKGwXnlccl+DciSLeSu1uEX4FsjVLSSlg1UWDW4PS0A=","24":"hk4wSH7cqx/MpvtuFRsq9XVcttd4PCOCOZ+jhM5kkJo="}},"BdaOD/INYzAHBQAZOGQXCgnQky/neA/k3LXU95I23Wsi":{"chainKey":{"counter":38},"chainType":2,"messageKeys":{}},"BUxuD57odIaiOhxHqEcm9pogONXD7Sij3V7mskXUZZpi":{"chainKey":{"counter":10},"chainType":2,"messageKeys":{}},"BXFaLoJfRec02CYig834zMAEKmpC/Gtc7vSWVcHeRnxY":{"chainKey":{"counter":31},"chainType":2,"messageKeys":{}},"Bdsf0PjkB0RtmdQjR6Mqk8DfWeJtGUVB0L7JBxY3WnJd":{"chainKey":{"counter":0},"chainType":2,"messageKeys":{}},"BbZRd8rY06P/oCo5xnVa/lj368eKy/zWIz88QI87j+IG":{"chainKey":{"counter":2},"chainType":2,"messageKeys":{}},"BfgrQBpFJhITv1J5f41Znp9ArAXcTgwKeaUWazXYc3xV":{"chainKey":{"counter":0},"chainType":2,"messageKeys":{}},"BR1r/a6VI0krrEJHWMcBMXUWQydWpfIILQ9MlyXS3FMc":{"chainKey":{"counter":0},"chainType":2,"messageKeys":{}},"BVy0x+hiBa3e/D6mm65kFPoD9MX6xR4sFMPoO/hSnw0i":{"chainKey":{"counter":0},"chainType":2,"messageKeys":{}},"BUbl80ON5UaaQoF7RJ9kTBXfG0un7ybiEt0cVo7lBEQt":{"chainKey":{"counter":1},"chainType":2,"messageKeys":{}},"BQ2x9nYlAfM0nV85qvywceotriEZo9GQCcAhRESUqXV7":{"chainKey":{"counter":2,"key":"/fEUeROyFwewrRRH1SM6e0RGBbxKf9+WftW/OAhYlcs="},"chainType":2,"messageKeys":{}},"BZn4+BJupZqGBecs1AYHjb9z/7At12lLkt0GNQ7+hZd+":{"chainKey":{"counter":8,"key":"Cz3uEqRyZ1nWaAO64c6DcsqhryqU8mhV0FWNnnYehFY="},"chainType":1,"messageKeys":{}}}},"BfTF2NUcWfrHQ+Y9xdUsPeEr+euoDLa9oKgG9RVw3ggw":{"registrationId":240,"currentRatchet":{"ephemeralKeyPair":{"pubKey":"BWpWHQeKMsS8kZBfPz2Emt4qss8llmaGSncTcVMrwi8F","privKey":"sIggC1nU3PL83RSxYGc3UYZe6NAYU98Nk6JrxgkU7V8="},"lastRemoteEphemeralKey":"Bb2fmq7czlrJD3Xdxz1vgZ1rE9pJ05QyYWikeGmh1d5B","previousCounter":0,"rootKey":"knj2+u+FGglvRFMLqsHesDmHWZ7aK4zEqDFZUS2OP9E="},"indexInfo":{"baseKey":"BfTF2NUcWfrHQ+Y9xdUsPeEr+euoDLa9oKgG9RVw3ggw","baseKeyType":1,"closed":1741609018754,"used":1741608367561,"created":1741606826528,"remoteIdentityKey":"Bc7IJORlRf0V6+JGUeYummbTwRAKxsHXZEeaLgx90LxD"},"_chains":{"BVh3sdPBLMeEiYGvztkHrXwIoTJRonHAC+oLrQaFRc1E":{"chainKey":{"counter":0},"chainType":2,"messageKeys":{}},"BfknFGNOp2FL0AqseCjn6P7a9Gw/tBo4D1X7wJ9lYExm":{"chainKey":{"counter":0},"chainType":2,"messageKeys":{}},"Bb2fmq7czlrJD3Xdxz1vgZ1rE9pJ05QyYWikeGmh1d5B":{"chainKey":{"counter":6,"key":"HwYcWGSVPwUMsHGroBkoJpmoGmFoinDW7F1ge/JTqUY="},"chainType":2,"messageKeys":{}},"BWpWHQeKMsS8kZBfPz2Emt4qss8llmaGSncTcVMrwi8F":{"chainKey":{"counter":12,"key":"XefHDd6vU9DDJHTMkxYAOENGh7FavoofUkbz7bw57wQ="},"chainType":1,"messageKeys":{}}}},"BaaeIf7vGdAP4r2kM0I+Cyj6GMFUyyrrQCcr/+OyTx9Z":{"registrationId":240,"currentRatchet":{"ephemeralKeyPair":{"pubKey":"BTe/ZuBOTUg+CAzFi0GUz++hzgODMn/5pA90+0AWdmwu","privKey":"UL+kCcd3nC/Y7oh1nv9s/1yLjN56HHXFtTK2tZMHWns="},"lastRemoteEphemeralKey":"BSB+m5nojyB0brxl1NXpd4fuhFLKOUwWFDZ1aU5JPONG","previousCounter":0,"rootKey":"eZ/wxU2j0OJs1mb7GkZhs/jEoJohAJP4hxtgn1arfkI="},"indexInfo":{"baseKey":"BaaeIf7vGdAP4r2kM0I+Cyj6GMFUyyrrQCcr/+OyTx9Z","baseKeyType":1,"closed":1741609050338,"used":1741609018751,"created":1741609018751,"remoteIdentityKey":"Bc7IJORlRf0V6+JGUeYummbTwRAKxsHXZEeaLgx90LxD"},"_chains":{"BTe/ZuBOTUg+CAzFi0GUz++hzgODMn/5pA90+0AWdmwu":{"chainKey":{"counter":7,"key":"Q6b8xojG27gwXShSihXxpMjJ8M0MxDPPvSmVNUWsOM8="},"chainType":1,"messageKeys":{}}},"pendingPreKey":{"signedKeyId":1,"baseKey":"BaaeIf7vGdAP4r2kM0I+Cyj6GMFUyyrrQCcr/+OyTx9Z"}},"BQMHI4ZxyjLDMnAhMXMu2SNpCOS+cMU0TQp2F2DOfnZB":{"registrationId":240,"currentRatchet":{"ephemeralKeyPair":{"pubKey":"BalNwKEVKv8jowAfkzDofxcoBKQt6otQzOP8J/q9ZYBH","privKey":"uFBQth7+DwUCXr8RL3Vvdvq/Ncv/FcRg53rd9WXH8Hg="},"lastRemoteEphemeralKey":"BSB+m5nojyB0brxl1NXpd4fuhFLKOUwWFDZ1aU5JPONG","previousCounter":0,"rootKey":"c5qq4W+vwfa7aRh10tGpiJFcjoPBeXVQCV9xLVJZ9pE="},"indexInfo":{"baseKey":"BQMHI4ZxyjLDMnAhMXMu2SNpCOS+cMU0TQp2F2DOfnZB","baseKeyType":1,"closed":1741609051819,"used":1741609050336,"created":1741609050336,"remoteIdentityKey":"Bc7IJORlRf0V6+JGUeYummbTwRAKxsHXZEeaLgx90LxD"},"_chains":{"BalNwKEVKv8jowAfkzDofxcoBKQt6otQzOP8J/q9ZYBH":{"chainKey":{"counter":0,"key":"q+0Sxpj2lZWC6vfoTODPARvfMtKMD7sgvBU5kFNi6w4="},"chainType":1,"messageKeys":{}}},"pendingPreKey":{"signedKeyId":1,"baseKey":"BQMHI4ZxyjLDMnAhMXMu2SNpCOS+cMU0TQp2F2DOfnZB"}},"Ba8dPs91WwtSFY49Oy2MjRmt5ap+V9PxjG/wO/j/WMgQ":{"registrationId":240,"currentRatchet":{"ephemeralKeyPair":{"pubKey":"BdtRgiKPoDXjpLuo7TGuMr9+Urmu+V0FIoE0kOvLbRIh","privKey":"UJgMdCebtoP2kIlxFAuCQ6kx3QUN5kAAyJNhEI3u5Ew="},"lastRemoteEphemeralKey":"BSB+m5nojyB0brxl1NXpd4fuhFLKOUwWFDZ1aU5JPONG","previousCounter":0,"rootKey":"KGBMdVVr8+PWL091/ytKVv+M3np3No8GD1v1d+kV7J0="},"indexInfo":{"baseKey":"Ba8dPs91WwtSFY49Oy2MjRmt5ap+V9PxjG/wO/j/WMgQ","baseKeyType":1,"closed":1741609052914,"used":1741609051816,"created":1741609051816,"remoteIdentityKey":"Bc7IJORlRf0V6+JGUeYummbTwRAKxsHXZEeaLgx90LxD"},"_chains":{"BdtRgiKPoDXjpLuo7TGuMr9+Urmu+V0FIoE0kOvLbRIh":{"chainKey":{"counter":0,"key":"7xt8ghMZkoitWsTjUkDAk7Vaj41qeZQqofUJ0wo2Cd0="},"chainType":1,"messageKeys":{}}},"pendingPreKey":{"signedKeyId":1,"baseKey":"Ba8dPs91WwtSFY49Oy2MjRmt5ap+V9PxjG/wO/j/WMgQ"}},"BTMgRat9mebUNiOB63aTdTvFUb14bS6rLZH8h8cxb9An":{"registrationId":240,"currentRatchet":{"ephemeralKeyPair":{"pubKey":"BaehgYBM+Y2lVgTpGA8Bh6tWHzqfItlLjYQmKwvLpt8X","privKey":"sC4aJsnRonrcCxZGG6jo1FwZb7ICmWHrGCxPOYJm6kk="},"lastRemoteEphemeralKey":"BSB+m5nojyB0brxl1NXpd4fuhFLKOUwWFDZ1aU5JPONG","previousCounter":0,"rootKey":"lYR4gkeOLSnSMIwQf4SSgPU5M+rhHWnMIIdka3QgDDs="},"indexInfo":{"baseKey":"BTMgRat9mebUNiOB63aTdTvFUb14bS6rLZH8h8cxb9An","baseKeyType":1,"closed":1741609054166,"used":1741609052912,"created":1741609052912,"remoteIdentityKey":"Bc7IJORlRf0V6+JGUeYummbTwRAKxsHXZEeaLgx90LxD"},"_chains":{"BaehgYBM+Y2lVgTpGA8Bh6tWHzqfItlLjYQmKwvLpt8X":{"chainKey":{"counter":0,"key":"JO2dmRnnRHvw2xu6guRGF3vmKoHjv/+ehDVbJTkeoaI="},"chainType":1,"messageKeys":{}}},"pendingPreKey":{"signedKeyId":1,"baseKey":"BTMgRat9mebUNiOB63aTdTvFUb14bS6rLZH8h8cxb9An"}},"BehABnDple1B1qLyWbzuncCIL/MvrWJz/iZCu2Ea7L5d":{"registrationId":240,"currentRatchet":{"ephemeralKeyPair":{"pubKey":"BWx6JYD1Xo1RzadjM9Hs3IO3sDCQn2oasohVANQdFjkY","privKey":"eFdIH5zvf+VvQif/aTbEF08SFJ4mEoIWoAUGO5K5ZWU="},"lastRemoteEphemeralKey":"BSB+m5nojyB0brxl1NXpd4fuhFLKOUwWFDZ1aU5JPONG","previousCounter":0,"rootKey":"FEz6fIP7J5pWMRIpg1SMiBPKD5KK/BRLwNCriIVr89w="},"indexInfo":{"baseKey":"BehABnDple1B1qLyWbzuncCIL/MvrWJz/iZCu2Ea7L5d","baseKeyType":1,"closed":1741609057496,"used":1741609054153,"created":1741609054153,"remoteIdentityKey":"Bc7IJORlRf0V6+JGUeYummbTwRAKxsHXZEeaLgx90LxD"},"_chains":{"BWx6JYD1Xo1RzadjM9Hs3IO3sDCQn2oasohVANQdFjkY":{"chainKey":{"counter":0,"key":"8ZK6kIJ+osZ5i2d9yswDjVOZ803otQJTDIYt9EF6Dqo="},"chainType":1,"messageKeys":{}}},"pendingPreKey":{"signedKeyId":1,"baseKey":"BehABnDple1B1qLyWbzuncCIL/MvrWJz/iZCu2Ea7L5d"}},"BVRLmz7FmYopLeICyuGHktRJwRZs9yFznV305/naxows":{"registrationId":240,"currentRatchet":{"ephemeralKeyPair":{"pubKey":"BUdRSn6f9DQn3ce6FecDYc9tPuot9cXzbaNb6ErHxYVd","privKey":"2JEowhduubCIDK8+xgD4+L4CZSqYHfkNqV/MzCV8IHw="},"lastRemoteEphemeralKey":"BQxc0Y9RuiCNA/ea+mRZqvJCk7EjBgLxVCuYroOe3hJY","previousCounter":11,"rootKey":"yDcxoxehLqO9G5WY3sPRGGgakWtBhLKAMYR6VaW2KGM="},"indexInfo":{"baseKey":"BVRLmz7FmYopLeICyuGHktRJwRZs9yFznV305/naxows","baseKeyType":1,"closed":1741612260931,"used":1741611597365,"created":1741609057493,"remoteIdentityKey":"Bc7IJORlRf0V6+JGUeYummbTwRAKxsHXZEeaLgx90LxD"},"_chains":{"BQFsdMUZc24a2PQdNyE0jlYguzCDgJ0LgU0spWXsENYE":{"chainKey":{"counter":0},"chainType":2,"messageKeys":{}},"BVc8RitLmzylgDEG+O9tRHgblFMdIkGAdW7yHE+BOW80":{"chainKey":{"counter":1},"chainType":2,"messageKeys":{}},"BQxc0Y9RuiCNA/ea+mRZqvJCk7EjBgLxVCuYroOe3hJY":{"chainKey":{"counter":6,"key":"L7cT/fcCDKWpOZIhwIIN005PsMJT27kgUS5Ru77SSAk="},"chainType":2,"messageKeys":{"0":"sBbGYrH5duahBYY/1EmVJpyq5rDEM24kK5Ff/SxOgWk="}},"BUdRSn6f9DQn3ce6FecDYc9tPuot9cXzbaNb6ErHxYVd":{"chainKey":{"counter":0,"key":"+pBX2NhTIdS88Xgk1iqAq5+mXwQMkM4DECsQjTriU0s="},"chainType":1,"messageKeys":{}}}},"BSSG6mLZQLw6rYiIz3kU4arB3Jnh/8GsLLGKY7LgwjA3":{"registrationId":240,"currentRatchet":{"ephemeralKeyPair":{"pubKey":"BRoJBWenFbwo12qefAC9+JEdeRV9cFS8wkmmIC3HAQhJ","privKey":"EMWh4xfLtSJvIJ7ZO4HOggtPYf5CzIdujw/P1Vnyb0g="},"lastRemoteEphemeralKey":"BUbowpaahU78GI5wXzhdy99c/iResBYjk94uWSLCR0MH","previousCounter":0,"rootKey":"f9sR62HCRgYak6gTo2E2T9yN8bJ8D15DNcajKayiR14="},"indexInfo":{"baseKey":"BSSG6mLZQLw6rYiIz3kU4arB3Jnh/8GsLLGKY7LgwjA3","baseKeyType":1,"closed":1741613857055,"used":1741613520040,"created":1741612260925,"remoteIdentityKey":"Bc7IJORlRf0V6+JGUeYummbTwRAKxsHXZEeaLgx90LxD"},"_chains":{"BTbnKshBiSGKV31e5KRi9HXLNHl3eEI2FV3Y+SNgqsBD":{"chainKey":{"counter":0},"chainType":2,"messageKeys":{}},"BcT47bXNHzx9fo6xerlIFLjWAsyPDX9sipuuZTV6cN1t":{"chainKey":{"counter":0},"chainType":2,"messageKeys":{}},"BW0m+/NcV61rLQZyKm4m3J7Haladb1HG24ctnx+BCjoC":{"chainKey":{"counter":0},"chainType":2,"messageKeys":{}},"BUbowpaahU78GI5wXzhdy99c/iResBYjk94uWSLCR0MH":{"chainKey":{"counter":3,"key":"8mgapE+17BA1Yy0dohlL2wW0RsiZOjQ/8ZSeZ4pePv8="},"chainType":2,"messageKeys":{"1":"W+aMAfQAa0uhBPP+db5+2KcnCMbV80GDEvBaOXUkHyk="}},"BRoJBWenFbwo12qefAC9+JEdeRV9cFS8wkmmIC3HAQhJ":{"chainKey":{"counter":3,"key":"Um5ICs6X9iO0gwxmcBfQPJgceaWsCEt0AGkTrP4b0ZM="},"chainType":1,"messageKeys":{}}}},"BSAwrVn7vCex+mOUb7Z/5ytAWD/LtSfAY2fggDkChQgZ":{"registrationId":240,"currentRatchet":{"ephemeralKeyPair":{"pubKey":"Bf4aYQBKQspF5lQSO67fRo9csCLQdxpHfiz4tm+AdIwT","privKey":"oItEIFz2lmvHWjvbQHjcHBUaJtkZETNlIeoWfyZ4z2Q="},"lastRemoteEphemeralKey":"BTaKHdebggTqGS63jQgqxr9XAGbQ3JB/KJK53Pxqws8e","previousCounter":1,"rootKey":"zSP1/KGlRalNuc6Gh59Weuttime+u/Ih+mLUkovMPLI="},"indexInfo":{"baseKey":"BSAwrVn7vCex+mOUb7Z/5ytAWD/LtSfAY2fggDkChQgZ","baseKeyType":2,"closed":1741618112848,"used":1741617724747,"created":1741613857060,"remoteIdentityKey":"Bc7IJORlRf0V6+JGUeYummbTwRAKxsHXZEeaLgx90LxD"},"_chains":{"Bc6mNGhdaj4bIGJGznka3/U4ccMYRTWhZFl3fxIRevV4":{"chainKey":{"counter":2},"chainType":2,"messageKeys":{"0":"e3xN9cVWptZ1spzy7qpUJqE+J/ZPWs6Kke74tphBjjA="}},"BQ73PJYk/czcpvqROI+yq40Jhdtv4D5b3XwXCJr2omV8":{"chainKey":{"counter":8},"chainType":2,"messageKeys":{"3":"Tdrp+2n9BJTEbbLHpOKbJukwPzQVUES4zemtNbUhxe8="}},"BTaKHdebggTqGS63jQgqxr9XAGbQ3JB/KJK53Pxqws8e":{"chainKey":{"counter":1,"key":"mZdq2bmJhFkvYFLyL3987oCY8GQYEoq4zld2/iYAA8I="},"chainType":2,"messageKeys":{}},"Bf4aYQBKQspF5lQSO67fRo9csCLQdxpHfiz4tm+AdIwT":{"chainKey":{"counter":10,"key":"DIJMQ6dUeXGuFi2vdnNC8qi6UAHXZe+TCCIJjnvaEj8="},"chainType":1,"messageKeys":{}}}},"Bc/S6aAaOSXRpfpzgg2Wumy5txVRgEnYXr/biNeDi/V+":{"registrationId":240,"currentRatchet":{"ephemeralKeyPair":{"pubKey":"BdI0IZygoZabvcm7uvIiBGP9KFQYokcpOguzgOq4ThV2","privKey":"QBvOdAeCi+Cxsn0Bc/0bPYYAv1OZ3uueBCfm5wOjaW8="},"lastRemoteEphemeralKey":"BQDHkSFuRNjM+uM69XNzgUr8zyDy+Wi4MVXq8/i0B3RR","previousCounter":0,"rootKey":"FvurcX3Y7FzaUpx7jkkcZjpXtP5zO/U9wnk2nFiQfKM="},"indexInfo":{"baseKey":"Bc/S6aAaOSXRpfpzgg2Wumy5txVRgEnYXr/biNeDi/V+","baseKeyType":2,"closed":-1,"used":1741646268259,"created":1741618112858,"remoteIdentityKey":"Bc7IJORlRf0V6+JGUeYummbTwRAKxsHXZEeaLgx90LxD"},"_chains":{"BRLogXeM7TJdcP9DFfmBeYmYLJfXgKWHk+dh3B7L9cQN":{"chainKey":{"counter":37},"chainType":2,"messageKeys":{"9":"NJg5g4+AI8x3NDD6gOOy5IBXGNJEclQDR6jTtAtA7No="}},"BQDHkSFuRNjM+uM69XNzgUr8zyDy+Wi4MVXq8/i0B3RR":{"chainKey":{"counter":9,"key":"6JpbE1WWYfzqcRxb77qgKbvkPDXI/98M3H5YZAFi9qc="},"chainType":2,"messageKeys":{"8":"qYssYSW1SAyjeWHy8ZPVwS3jUXATARcQM4mjlaRF4hM="}},"BdI0IZygoZabvcm7uvIiBGP9KFQYokcpOguzgOq4ThV2":{"chainKey":{"counter":-1,"key":"iqpeORxz2YdSEhuKlln4fIUvgt8cpKywL2y2ARaV6n8="},"chainType":1,"messageKeys":{}}}}},"version":"v1"}